{"cameraMode":{"drawMode":0,"name":"Shaded","section":"Shading Mode"},"sceneLighting":true,"audioPlay":false,"sceneViewState":{"showFog":true,"showMaterialUpdate":true,"showSkybox":true,"showFlares":true,"showImageEffects":true,"showParticleSystems":true},"in2DMode":false,"pivot":{"x":-5.92679500579834,"y":0.3657596707344055,"z":5.6547956466674809},"rotation":{"x":0.2473297119140625,"y":-0.0026144145522266628,"z":0.0006964849308133125,"w":0.9689895510673523},"size":26.208255767822267,"orthographic":false}