{"cameraMode":{"drawMode":0,"name":"Shaded","section":"Shading Mode"},"sceneLighting":true,"audioPlay":false,"sceneViewState":{"showFog":true,"showMaterialUpdate":true,"showSkybox":true,"showFlares":true,"showImageEffects":true,"showParticleSystems":true},"in2DMode":false,"pivot":{"x":-1.7083299160003663,"y":2.128223419189453,"z":6.639707565307617},"rotation":{"x":0.2473297119140625,"y":-0.0026144145522266628,"z":0.0006964849308133125,"w":0.9689895510673523},"size":32.07919692993164,"orthographic":false}